Track name, Artist name, Album, Playlist name, Type, ISRC
Meridian,ODESZA,A Moment Apart (Deluxe Edition),Favorite Songs,Favorite,GBCFB1700214
Stay Alive,José González,Stay Alive (From The Secret Life Of Walter Mitty),Favorite Songs,Favorite,USFM91300095
Run It (feat. Annika Wells),Midnight Kids,The Lost Youth,Favorite Songs,Favorite,USRC11903104
Looking Too Closely,Fink,Hard Believer,Favorite Songs,Favorite,GBCFB1400808
Something Good,alt-J,An Awesome Wave (Deluxe Version),Favorite Songs,Favorite,GBZUZ1200030
Taro,alt-J,An Awesome Wave (Deluxe Version),Favorite Songs,Favorite,GBZUZ1200037
More Than You Know,Axwell /\ Ingrosso,More Than You Know,Favorite Songs,Favorite,GBUM71701735
Catalyst,Solar Fields,Mirror's Edge Catalyst (EA Games Soundtrack),Favorite Songs,Favorite,CAN111600282
Forever Wavvy,Broke For Free,BFF,Favorite Songs,Favorite,SE5VF1902404
Calling,Tobu,Calling,Favorite Songs,Favorite,GBSMU4647450
Roses,The Chainsmokers,Roses,Favorite Songs,Favorite,USQX91500801
Say My Name (feat. Zyra),ODESZA,In Return,Favorite Songs,Favorite,GBCFB1404201
Notions,Hollow Coves,Moments,Favorite Songs,Favorite,CAN111900229
Charlie Brown,Coldplay,Mylo Xyloto,Favorite Songs,Favorite,GBAYE1101180
On & On,Cartoon,On & On,Favorite Songs,Favorite,GB2LD0902016
It’s Only (feat. Zyra) - ODESZA VIP Remix,ODESZA,A Moment Apart (Deluxe Edition),Favorite Songs,Favorite,GBCFB1800360
1000 Nights,FRENSHIP,1000 Nights,Favorite Songs,Favorite,USSM11605357
I Took A Pill In Ibiza,Mike Posner,"At Night, Alone.",Favorite Songs,Favorite,USUM71503636
Falls (Reprise) (feat. Sasha Alex Sloan),ODESZA,A Moment Apart (Deluxe Edition),Favorite Songs,Favorite,GBCFB1800361
Coins in a Fountain,Passenger,Whispers (Deluxe),Favorite Songs,Favorite,GBMQN1400001
Santa Monica Dream,Angus & Julia Stone,Down the Way,Favorite Songs,Favorite,AUAP10900004
Crystals,Of Monsters and Men,Beneath The Skin,Favorite Songs,Favorite,USUG11500395
Dawn (feat. ROBB),filous,Dawn EP,Favorite Songs,Favorite,USUS11203408
World Away,Kasbo,World Away,Favorite Songs,Favorite,QMLD61404077
All Your Days,Shallou,All Your Days,Favorite Songs,Favorite,GB45A1901435
We Stayed Up All Night,Tourist,We Stayed Up All Night,Favorite Songs,Favorite,QMUY41700064
HEART ATTACK (feat. lau.ra),BRONSON,HEART ATTACK / VAULTS,Favorite Songs,Favorite,GBCFB2000189
IPlayYouListen - Live,ODESZA,In Return (Deluxe Edition),Favorite Songs,Favorite,GBCFB1501708
Indian Summer,Jai Wolf,Indian Summer,Favorite Songs,Favorite,USQY51566563
Daydreamer,AURORA,A Different Kind Of Human – Step 2,Favorite Songs,Favorite,GBUM71808077
Undertow - Classixx & Turbotito Alternate Version,Panama,Hope For Something EP (Remixes),Favorite Songs,Favorite,QMCE31791346
Night Out,LiQWYD,Night Out,Favorite Songs,Favorite,SE6A91852724
Closer,Lemaitre,Chapter One,Favorite Songs,Favorite,USUM71508235
BOOM,X Ambassadors,ORION,Favorite Songs,Favorite,USUM71900447
Sunshine Reggae,Laid Back,Good Vibes - The Very Best of Laid Back,Favorite Songs,Favorite,DKABA0002801
Warm with You,Hayden Calnin,Warm with You,Favorite Songs,Favorite,CAN111900173
Mess Is Mine,Vance Joy,Dream Your Life Away,Favorite Songs,Favorite,USAT21402865
Burden,Subtact,Burden,Favorite Songs,Favorite,TCACH1507093
Blinding Lights,The Weeknd,After Hours,Favorite Songs,Favorite,USUG11904206
Don't Be so Serious,Low Roar,"Once in a Long, Long While...",Favorite Songs,Favorite,QM5L61700001
Death Stranding,CHVRCHES,Death Stranding,Favorite Songs,Favorite,GBZN81900001
Tucana - Instrumental,Mt. Wolf,Aetherlight (Instrumental),Favorite Songs,Favorite,GB5UQ1700191
The Breach,Dustin Tebbutt,The Breach EP,Favorite Songs,Favorite,AUZN31300204
Breathe (feat. Ratfoot) - MYKOOL Remix,Ben Lepper,Breathe (The Remixes),Favorite Songs,Favorite,QZ5FN1741099
Asleep,Nomyn,Asleep,Favorite Songs,Favorite,QZBRF1819953
Hiraeth,Aurai,Daybreak,Favorite Songs,Favorite,QM4DW1852445
Ouroboros,Family and Friends,Felix Culpa,Favorite Songs,Favorite,GBKPL1804277
Lost & Found,The Midnight,Lost & Found,Favorite Songs,Favorite,TCACK1533486
I Miss You,Brandt,I Miss You,Favorite Songs,Favorite,USA2P1939215
Firestarter,Torre Florim,Firestarter,Favorite Songs,Favorite,NLS241201695
Intro,The xx,xx,Favorite Songs,Favorite,GBBKS0900196
Enter Sandman,Metallica,Metallica,Favorite Songs,Favorite,GBF089190013
Calling Me,Ooyy,Calling Me,Favorite Songs,Favorite,SE5Q51903522
Dance Monkey,Tones And I,Dance Monkey (Stripped Back) / Dance Monkey,Favorite Songs,Favorite,QZES71982312
Whispers,Passenger,Whispers (Deluxe),Favorite Songs,Favorite,GBMQN1400009
Things That Stop You Dreaming,Passenger,All The Little Lights,Favorite Songs,Favorite,GBMQN1100003
Staring at the Stars,Passenger,All The Little Lights,Favorite Songs,Favorite,GBMQN1100005
Outro,M83,"Hurry up, We're Dreaming",Favorite Songs,Favorite,GB55H1100022
Play,K-391,Play,Favorite Songs,Favorite,NOG841904010
Afterlife,ILLENIUM,Ashes,Favorite Songs,Favorite,TCACK1580849
Takeaway,The Chainsmokers,World War Joy,Favorite Songs,Favorite,USQX91901353
Wild Roses,Of Monsters and Men,FEVER DREAM,Favorite Songs,Favorite,USUG11901287
Her Touch,SŸDE,Her Touch,Favorite Songs,Favorite,FR59R1950943
Sink or Swim (feat. Daysi),Bloom Line,Sink or Swim (feat. Daysi),Favorite Songs,Favorite,QZ5FN1918413
Bloodstream,The Chainsmokers,Memories...Do Not Open,Favorite Songs,Favorite,USQX91700581
The Difference,Flume,The Difference,Favorite Songs,Favorite,AUFF02000008
Birds,Imagine Dragons,Origins (Deluxe),Favorite Songs,Favorite,USUM71816168
Little Things,Niwel,Little Things,Favorite Songs,Favorite,QZHN71984630
Bad Reputation (feat. Joe Janiak),Avicii,TIM,Favorite Songs,Favorite,SE5R71900205
Hold The Line (feat. A R I Z O N A),Avicii,TIM,Favorite Songs,Favorite,SE5R71900207
Sleepwalking,Bajillionaire,Sleepwalking,Favorite Songs,Favorite,AUNV01900074
Drive - Tupal Remix,Tiny Tiny,Drive (Tupal Remix),Favorite Songs,Favorite,AUCN31709947
Pompeii,Bastille,Bad Blood,Favorite Songs,Favorite,GBAAA1200795
Counting Stars,OneRepublic,Native,Favorite Songs,Favorite,USUM71301306
Bleeding Out,Imagine Dragons,Night Visions,Favorite Songs,Favorite,USUM71208569
Someday,City of the Sun,City of the Sun,Favorite Songs,Favorite,USUG11903157
Perpetual Motion - Edit,Max Cooper,Perpetual Motion,Favorite Songs,Favorite,GB45A1901704
Losing My Head,Lizzy Land,intro music plays,Favorite Songs,Favorite,GBKPL1951666
Northwind,Kayoh,Northwind,Favorite Songs,Favorite,QZES61998517
Slowing Down,Bronze Whale,Slowing Down,Favorite Songs,Favorite,QZ85M1944816
Ignite,Alan Walker,Ignite,Favorite Songs,Favorite,NOG841803010
Stuck In Orbit (feat. BUOY) - Luttrell Remix,What So Not,Not All The Beautiful Things (Remixes),Favorite Songs,Favorite,GBCFB1800281
Roll Back - TOKiMONSTA Remix,George FitzGerald,All That Must Be (Remixes),Favorite Songs,Favorite,GBCEL1800562
Kingdom,Solar Fields,Mirror's Edge Catalyst (EA Games Soundtrack),Favorite Songs,Favorite,CAN111600273
The Shard,Solar Fields,Mirror's Edge Catalyst (EA Games Soundtrack),Favorite Songs,Favorite,CAN111600280
Flytrap,Solar Fields,Mirror's Edge Catalyst (EA Games Soundtrack),Favorite Songs,Favorite,CAN111600265
Budapest,George Ezra,Wanted on Voyage (Expanded Edition),Favorite Songs,Favorite,GBARL1400477
Stubborn Love,The Lumineers,The Lumineers (Deluxe Edition),Favorite Songs,Favorite,USDMG1260807
Downtown District,Solar Fields,Mirror's Edge Catalyst (EA Games Soundtrack),Favorite Songs,Favorite,CAN111600254
Someday,Dim Sum,Someday,Favorite Songs,Favorite,FRD7T2000060
Falling Up,MTNMEN,Falling Up,Favorite Songs,Favorite,QZFZ21980391
Indian Summer,Lakehouse,Lakehouse,Favorite Songs,Favorite,QZHN51947947
Found You,Kasbo,Found You,Favorite Songs,Favorite,NLRD51632008
Take a Walk,Passion Pit,Gossamer,Favorite Songs,Favorite,USSM11202617
Dissolve Me,alt-J,An Awesome Wave,Favorite Songs,Favorite,GBZUZ1200070
The Ocean (feat. Shy Martin),Mike Perry,The Ocean (feat. Shy Martin),Favorite Songs,Favorite,SE3AA1600005
Measuring the infinite,Stereolit,Measuring the infinite,Favorite Songs,Favorite,FR7JN1901580
Gillette,199X,Gillette,Favorite Songs,Favorite,QZ8LD1795129
Dreamer,Axwell /\ Ingrosso,More Than You Know,Favorite Songs,Favorite,GBUM71706224
Mistaken (feat. Alex Aris),Martin Garrix,Mistaken (feat. Alex Aris),Favorite Songs,Favorite,NLM5S1900480
Giant (with Rag'n'Bone Man),Calvin Harris,Giant (with Rag'n'Bone Man),Favorite Songs,Favorite,GBARL1801703
Earth,K-391,Earth,Favorite Songs,Favorite,GB2LD0902344
Good Morning - PINES Remix,Grouplove,Good Morning (PINES Remix),Favorite Songs,Favorite,USAT21700831
Remember The Love,Kerry Wheeler,Remember The Love,Favorite Songs,Favorite,QZ85M2092338
Tunes for One,Memories Of Glory,Tunes for One,Favorite Songs,Favorite,TCAEK1968946
Anywhere,Attom,Anywhere,Favorite Songs,Favorite,QM24S1844906
Back in the Game,Solar Fields,Mirror's Edge Catalyst (EA Games Soundtrack),Favorite Songs,Favorite,CAN111600256
Savant,Solar Fields,Mirror's Edge Catalyst (EA Games Soundtrack),Favorite Songs,Favorite,CAN111600259
Assassin’s Creed Origins Main Theme,Sarah Schachner,Assassin's Creed Origins (Original Game Soundtrack),Favorite Songs,Favorite,CA2BN1702077
Runaway,Passenger,Runaway (Deluxe),Favorite Songs,Favorite,GBMQN1800007
Worth Living For,Said The Sky,Worth Living For,Favorite Songs,Favorite,USHR22013701
Change Your Mind,Said The Sky,Wide-Eyed,Favorite Songs,Favorite,USA2P1836880
Over & Out - Delamare Remix,Sparrows,Over & Out (Delamare Remix),Favorite Songs,Favorite,AUOKE1800053
Tired,Alan Walker,Tired,Favorite Songs,Favorite,NOG841708010
Mother - 8 Mix,Smallpools,Mother (8 Mix),Favorite Songs,Favorite,GBWWP1703301
Black Flies,Ben Howard,Every Kingdom (Deluxe Version),Favorite Songs,Favorite,GBUM71104732
Grip,Seeb,Grip,Favorite Songs,Favorite,NOUM71800389
Stranger Things (feat. OneRepublic) - Alan Walker Remix,Kygo,Kids in Love (Remixes),Favorite Songs,Favorite,SEBGA1800307
Hotel Walls,Smith & Thell,Hotel Walls,Favorite Songs,Favorite,SEVJH1903501
Rise Up,TheFatRat,Rise Up,Favorite Songs,Favorite,DEUM71905770
Speechless (feat. Erika Sirola),Robin Schulz,Speechless (feat. Erika Sirola),Favorite Songs,Favorite,DEA621801720
Youth,Daughter,If You Leave,Favorite Songs,Favorite,GBAFL1200314
Break The Silence (feat. RBBTS),Seven Lions,Break The Silence (feat. RBBTS),Favorite Songs,Favorite,GBEWA1902590
Be Mine,EMBRZ,Spirit Reset,Favorite Songs,Favorite,USA2P1963927
Daydreams - Sultan + Shepard Echoes of Life Remix,ARTY,Daydreams (Sultan + Shepard Echoes of Life Remix),Favorite Songs,Favorite,NLF712000094
Aurora (Toby Romeo Remix),K-391,Aurora (Toby Romeo Remix),Favorite Songs,Favorite,NOG842009020
Sunflower - Spider-Man: Into the Spider-Verse,Post Malone,Hollywood's Bleeding,Favorite Songs,Favorite,USUM71814888
Close To The Sun,TheFatRat,Close To The Sun,Favorite Songs,Favorite,DELJ81944286
Nevada,Vicetone,Nevada,Favorite Songs,Favorite,CA6D21600175
Waiting,Vicetone,Waiting,Favorite Songs,Favorite,CA6D21900139
Heartbeat,Vicetone,Heartbeat,Favorite Songs,Favorite,TCABS1341047
Navigate,Lorne,Maze,Favorite Songs,Favorite,QM7281741004
After All,Luttrell,Into Clouds,Favorite Songs,Favorite,GBEWA1803580
Acid Culture,Tyler Myerberg,Rites,Favorite Songs,Favorite,QZHNA1999721
On Hold,The xx,I See You,Favorite Songs,Favorite,UK7MC1600065
Abandon Window,Jon Hopkins,Immunity,Favorite Songs,Favorite,GBCEL1300087
Hope For Something - Alternate Version,Panama,Hope For Something EP (Alternate Versions),Favorite Songs,Favorite,AUFF01700073
Dream of Something Sweet,K-391,"Hello, World",Favorite Songs,Favorite,TCABS1487261
Peace and Tranquility,Pascal Michael Stiefel,A Hat in Time (Seal the Deal + Nyakuza Metro),Favorite Songs,Favorite,TCAEG1953241
Move Me,Liyr,Move Me,Favorite Songs,Favorite,ushm21880330
Alaska - Toby Green Remix,Maggie Rogers,Alaska (Toby Green Remix),Favorite Songs,Favorite,USUG11700805
Hold Back The River,James Bay,Chaos And The Calm,Favorite Songs,Favorite,USUM71413733
Jungle,Tash Sultana,Notion,Favorite Songs,Favorite,AUBEC1601210
Fast Car,Tracy Chapman,Tracy Chapman,Favorite Songs,Favorite,USEE10180719
Spanish Sahara,Foals,Total Life Forever,Favorite Songs,Favorite,GBAHT1000047
Deep Dark Blue,Approaching Nirvana,Horizons,Favorite Songs,Favorite,QZAPG1734339
Hurricanes,Ken Loi,Hurricanes,Favorite Songs,Favorite,QZK6Q1947361
Where We Come Alive,Ruelle,Where We Come Alive,Favorite Songs,Favorite,QZF921800013
Peace,Alison Wonderland,Peace,Favorite Songs,Favorite,AUUM71900286
Welcome Home,Radical Face,Touch the Sky (Welcome Home) - EP,Favorite Songs,Favorite,DEX261001001
For A Better Day,Avicii,Stories,Favorite Songs,Favorite,CHB701400189
KNOW ME (feat. Gallant),BRONSON,BRONSON,Favorite Songs,Favorite,GBCFB2000192
Non Stop,Michal David,Non Stop,Favorite Songs,Favorite,CZA168300021
Paper Planes,Julian Gray,Autonomous.,Favorite Songs,Favorite,GBTDG1301531
Sway - Chainsmokers Remix,Anna of the North,Sway (Chainsmokers Remix),Favorite Songs,Favorite,USLGZ1400028
Bottai,Ooyy,Bottai,Favorite Songs,Favorite,SE5Q51902845
All Our Little Talks,Flipboitamidles,All Our Little Talks,Favorite Songs,Favorite,QZBRF1816601
Limitless (feat. Delaney Jane),Adventure Club,Limitless (feat. Delaney Jane),Favorite Songs,Favorite,QMRSZ1501488
That's The Way It Is,Daniel Lanois,The Music of Red Dead Redemption 2 (Original Soundtrack),Favorite Songs,Favorite,USLS51939903
Unshaken,D'Angelo,Unshaken,Favorite Songs,Favorite,USRC11803680
Next To Me (feat. Tina Stachowiak),Axel Johansson,Next To Me (feat. Tina Stachowiak),Favorite Songs,Favorite,DK4YA1805401
Ark,Star Party,Ark,Favorite Songs,Favorite,GB2LD2010147
Crystalline - Dan Sieg Remix,The Midnight,The Midnight Remixed 02,Favorite Songs,Favorite,US83Z1922378
Fly Away,Tones And I,Fly Away,Favorite Songs,Favorite,USAT22006865
Silhouettes - Original Radio Edit,Avicii,Silhouettes,Favorite Songs,Favorite,SEUM71200477
I Went Too Far - MK Remix / Radio Version,AURORA,I Went Too Far (MK Remix),Favorite Songs,Favorite,GBUM71603965
Something New,Axwell /\ Ingrosso,More Than You Know,Favorite Songs,Favorite,USUG11401855
Be There For You,Sedliv,"Beat Saber (Original Game Soundtrack), Vol. II",Favorite Songs,Favorite,QM24S1842652
What's Up Danger (with Black Caviar),Blackway,Spider-Man: Into the Spider-Verse (Soundtrack From & Inspired by the Motion Picture),Favorite Songs,Favorite,USUM71818369
Try (feat. RØRY),MitiS,Try (feat. RØRY),Favorite Songs,Favorite,GBEWA2100060
How to Be a Heartbreaker,MARINA,Electra Heart (Deluxe),Favorite Songs,Favorite,GBFFS1200077
Savannah,Diviners,Savannah,Favorite Songs,Favorite,GB2LD0902222
Crossed the Line,Jacob Tillberg,Crossed the Line,Favorite Songs,Favorite,TCAEQ2055996
Around the World (La La La La La) - Radio Version,A Touch Of Class,Planet Pop,Favorite Songs,Favorite,DEP810000008
Witchcraft,Pendulum,Immersion,Favorite Songs,Favorite,GBAHT1000133
Seasons - Futuristik & Whogaux Remix,Rival,Seasons (Futuristik & Whogaux Remix),Favorite Songs,Favorite,GB2LD1800494
Diamonds,RMCM,Diamonds,Favorite Songs,Favorite,GB2LD1800747
Spacewalk,Rameses B,Spacewalk,Favorite Songs,Favorite,uscgh1815063
Runaway,AURORA,All My Demons Greeting Me As A Friend (Deluxe),Favorite Songs,Favorite,GBUM71500527
Fearless Pt. II,Lost Sky,Fearless Pt. II,Favorite Songs,Favorite,GB2LD1700381
Your Sister Was Right,Wilbur Soot,Your City Gave Me Asthma,Favorite Songs,Favorite,QZHN82053462
Overdrive,Conan Gray,Overdrive,Favorite Songs,Favorite,USUM72100677
Yellow,Emmit Fenn,Yellow,Favorite Songs,Favorite,TCADX1897778
Yellow,Coldplay,Parachutes,Favorite Songs,Favorite,GBAYE0000267
Young as the Morning Old as the Sea,Passenger,Young as the Morning Old as the Sea,Favorite Songs,Favorite,GBMQN1600008
Sirens,Icarus,This Must Be The Place,Favorite Songs,Favorite,GBAYE1900112
The Universe - Original Mix,Lush & Simon,The Universe,Favorite Songs,Favorite,NLF711505485
Twin Size Mattress,The Front Bottoms,Talon of the Hawk,Favorite Songs,Favorite,US37V1322204
I Want You,ODESZA,Summer's Gone,Favorite Songs,Favorite,TCABN1368410
Don't Look Back (feat. Kotomi & Ryan Elder) [From Rick and Morty: Season 4],Rick and Morty,Don't Look Back (feat. Kotomi & Ryan Elder) [From Rick and Morty: Season 4],Favorite Songs,Favorite,USNLR2000392
Pretty,Fox Academy,Pretty,Favorite Songs,Favorite,QZNWP2150013
Neptune,Sleeping At Last,Atlas: I,Favorite Songs,Favorite,USGES1480020
Feels Like We're Dying,Johnny Goth,Far Away,Favorite Songs,Favorite,QM4DW1703821
Youth,Dabin,Wild Youth,Favorite Songs,Favorite,USA2P1914479
Bruce Willis,Raffaella,Bruce Willis,Favorite Songs,Favorite,USQE91500586
So Funny,Haley Blais,Below the Salt,Favorite Songs,Favorite,CANLK2000009
Cure For Me,AURORA,Cure For Me,Favorite Songs,Favorite,GBUM72100848
Final Chapter,Snake City,Final Chapter,Favorite Songs,Favorite,SE5Q51902600
Zheng '21 - Original Live Recording,Kaya Project,Zheng '21 EP,Favorite Songs,Favorite,GB6J32100004
Mountains,Jome,Tunnels,Favorite Songs,Favorite,TCACY1721901
Baby,Four Tet,Sixteen Oceans,Favorite Songs,Favorite,GBXNG2051002
Happier,Marshmello,Happier,Favorite Songs,Favorite,USUG11801651
My Friends Never Die,ODESZA,My Friends Never Die,Favorite Songs,Favorite,TCABQ1356320
Asylums for the feeling feat. Leila Adu,Silent Poets,dawn,Favorite Songs,Favorite,JPB531800001
Downward Spiral,Yoe Mase,Downward Spiral,Favorite Songs,Favorite,USA2P2133241
Children Of A Miracle,Don Diablo,Children Of A Miracle,Favorite Songs,Favorite,NLZ541700138
Follow Your Fire - Syn Cole Remix,Kodaline,Follow Your Fire (Syn Cole Remix),Favorite Songs,Favorite,GBARL1800559
Starboy,The Weeknd,Starboy,Favorite Songs,Favorite,USUG11600976
The Queen of Hearts,Ezra Furman,The Year of No Returning,Favorite Songs,Favorite,ATT801209010
JEKYLL & HIDE,Bishop Briggs,CHAMPION,Favorite Songs,Favorite,USUG11902345
Bags,Clairo,Immunity,Favorite Songs,Favorite,US4HB1900080
You Are Enough,Sleeping At Last,Atlas: I,Favorite Songs,Favorite,USGES1480007
The Scientist,Coldplay,A Rush of Blood to the Head,Favorite Songs,Favorite,GBAYE0200772
The Internet,Kade McCuen,The Internet,Favorite Songs,Favorite,CAGOO2102867
You Are Enough (Acoustic),Sleeping At Last,You Are Enough (Acoustic),Favorite Songs,Favorite,USGES2106001
Medicine,FRND,Before U I Didn't Exist,Favorite Songs,Favorite,QMRSZ1801999
Warning,Martin Wave,Warning,Favorite Songs,Favorite,QZNWT2143937
Cosmic,Jordan Schor,Cosmic,Favorite Songs,Favorite,GB2LD1700138
Now Or Never,NCT,Astrophysical,Favorite Songs,Favorite,NLCK41069560
Afterdark,MYRNE,Afterdark,Favorite Songs,Favorite,CA6D21700088
Sweater Weather,The Neighbourhood,I Love You.,Favorite Songs,Favorite,USSM11300080
Neverland,Crywolf,Dysphoria,Favorite Songs,Favorite,GBKPL1513884
Outer Wilds (Original Soundtrack),Andrew Prahlow,Outer Wilds (Original Soundtrack),Favorite Albums,Album,
Surrender,RÜFÜS DU SOL,Surrender,Favorite Albums,Album,
Dysphoria,Crywolf,Dysphoria,Favorite Albums,Album,
Inside (The Songs),Bo Burnham,Inside (The Songs),Favorite Albums,Album,
maybe tomorrow...,Low Roar,maybe tomorrow...,Favorite Albums,Album,
Cure For Me,AURORA,Cure For Me,Favorite Albums,Album,
Everything And You,Dreams We've Had,Everything And You,Favorite Albums,Album,
An Unfiltered Stream Of Consciousness (Deluxe),Yoe Mase,An Unfiltered Stream Of Consciousness (Deluxe),Favorite Albums,Album,
'Til the End,MitiS,'Til the End,Favorite Albums,Album,
Snow Ghosts,Yoe Mase,Snow Ghosts,Favorite Albums,Album,
Life in Boxes,Yoe Mase,Life in Boxes,Favorite Albums,Album,
Far From Here,Emmit Fenn,Far From Here,Favorite Albums,Album,
After Hours,The Weeknd,After Hours,Favorite Albums,Album,
Night Visions,Imagine Dragons,Night Visions,Favorite Albums,Album,
Death Stranding (Original Score),Ludvig Forssell,Death Stranding (Original Score),Favorite Albums,Album,
"Once in a Long, Long While...",Low Roar,"Once in a Long, Long While...",Favorite Albums,Album,
An Unfiltered Stream of Consciousness,Yoe Mase,An Unfiltered Stream of Consciousness,Favorite Albums,Album,
November 16th,Kanaya,November 16th,Favorite Albums,Album,
Second Nature,Netsky,Second Nature,Favorite Albums,Album,
3,Netsky,3,Favorite Albums,Album,
Savannah,Diviners,Savannah,Favorite Albums,Album,
A Different Kind Of Human – Step 2,AURORA,A Different Kind Of Human – Step 2,Favorite Albums,Album,
More Than You Know,Axwell /\ Ingrosso,More Than You Know,Favorite Albums,Album,
An Awesome Wave,alt-J,An Awesome Wave,Favorite Albums,Album,
Live from Joshua Tree,RÜFÜS DU SOL,Live from Joshua Tree,Favorite Albums,Album,
Legacy,Vicetone,Legacy,Favorite Albums,Album,
Willowbank,Yumi Zouma,Willowbank,Favorite Albums,Album,
Soldier,Yoe Mase,Soldier,Favorite Albums,Album,
Voulez-Vous,ABBA,Voulez-Vous,Favorite Albums,Album,
Waterloo (Deluxe Edition),ABBA,Waterloo (Deluxe Edition),Favorite Albums,Album,
Dreamer (Remixes),Axwell /\ Ingrosso,Dreamer (Remixes),Favorite Albums,Album,
The Color of Nothing,ford.,The Color of Nothing,Favorite Albums,Album,
Mirror's Edge (Original Videogame Score),Solar Fields,Mirror's Edge (Original Videogame Score),Favorite Albums,Album,
Ashes,ILLENIUM,Ashes,Favorite Albums,Album,
"Hurry up, We're Dreaming",M83,"Hurry up, We're Dreaming",Favorite Albums,Album,
Different World,Alan Walker,Different World,Favorite Albums,Album,
Patchwork,Passenger,Patchwork,Favorite Albums,Album,
"Sometimes It's Something, Sometimes It's Nothing at All",Passenger,"Sometimes It's Something, Sometimes It's Nothing at All",Favorite Albums,Album,
Runaway (Deluxe),Passenger,Runaway (Deluxe),Favorite Albums,Album,
The Boy Who Cried Wolf,Passenger,The Boy Who Cried Wolf,Favorite Albums,Album,
Young as the Morning Old as the Sea,Passenger,Young as the Morning Old as the Sea,Favorite Albums,Album,
Flight of the Crow,Passenger,Flight of the Crow,Favorite Albums,Album,
Divers & Submarines,Passenger,Divers & Submarines,Favorite Albums,Album,
Wide Eyes Blind Love,Passenger,Wide Eyes Blind Love,Favorite Albums,Album,
Wicked Man's Rest,Passenger,Wicked Man's Rest,Favorite Albums,Album,
Whispers II,Passenger,Whispers II,Favorite Albums,Album,
xx,The xx,xx,Favorite Albums,Album,
BRONSON,BRONSON,BRONSON,Favorite Albums,Album,
Whispers (Deluxe),Passenger,Whispers (Deluxe),Favorite Albums,Album,
Awake,ILLENIUM,Awake,Favorite Albums,Album,
Moments,Hollow Coves,Moments,Favorite Albums,Album,
Wanderlust,Hollow Coves,Wanderlust,Favorite Albums,Album,
The Lost Youth,Midnight Kids,The Lost Youth,Favorite Albums,Album,
All The Little Lights,Passenger,All The Little Lights,Favorite Albums,Album,
Mirror's Edge Catalyst (EA Games Soundtrack),Solar Fields,Mirror's Edge Catalyst (EA Games Soundtrack),Favorite Albums,Album,
Summer's Gone,ODESZA,Summer's Gone,Favorite Albums,Album,
In Return (Deluxe Edition),ODESZA,In Return (Deluxe Edition),Favorite Albums,Album,
A Moment Apart (Deluxe Edition),ODESZA,A Moment Apart (Deluxe Edition),Favorite Albums,Album,
Middle Of Nowhere,Vancouver Sleep Clinic,Middle Of Nowhere,vibes,Playlist track,GBKPL2033356
You,Petit Biscuit,We Were Young (The Playlist),vibes,Playlist track,FRX451599825
Bony Shelter,Many Voices Speak,Tank Town,vibes,Playlist track,SE2X31800804
Hallucinate,Oliver Riot,Hallucinate,vibes,Playlist track,QM2PV1559797
Jupiter,Flower Face,Fever Dreams,vibes,Playlist track,SEYOK1721012
Downhill,Lincoln,A Constant State of Ohio,vibes,Playlist track,USBAL1600005
Speaking Off the Record,Hotel Mira,Perfectionism,vibes,Playlist track,CAB391902454
Dreams Wash Away,Joe Wong,Nite Creatures,vibes,Playlist track,GBUM71907166
For Lu Ten,L.Dre,For Lu Ten,vibes,Playlist track,QZHN72026844
Lonely Eyes,The Front Bottoms,Ann,vibes,Playlist track,USAT21801005
Solitude - Felsmann + Tiley Reinterpretation,M83,Solitude (Felsmann + Tiley Reinterpretation),vibes,Playlist track,GB5SH2000001
Cinnamon,Jome,Tunnels,vibes,Playlist track,TCACO1670076
All I Got,Said The Sky,Wide-Eyed,vibes,Playlist track,USQY51792370
Flowers (feat. Ryan Elder & Mark Mallman) [From Rick and Morty: Season 5],Rick and Morty,Flowers (feat. Ryan Elder & Mark Mallman) [From Rick and Morty: Season 5],vibes,Playlist track,USNLR2100864
Voice in Headphones,Mount Eerie,Lost Wisdom,vibes,Playlist track,USI4R0806561
405,Vancouver Sleep Clinic,Therapy Phase 02,vibes,Playlist track,GBKPL1826085
Thingamajig,Miya Folick,Premonitions,vibes,Playlist track,USUM71809415
Heavy Water/I'd Rather Be Sleeping,Grouper,Dragging a Dead Deer Up a Hill,vibes,Playlist track,USI4R1115074
Outro,M83,"Hurry up, We're Dreaming",vibes,Playlist track,GB55H1100022
You're Somebody Else,flora cash,"Baby, It's Okay",vibes,Playlist track,SEXCG1700102
Drag Me,Tiny Little Houses,Idiot Proverbs,vibes,Playlist track,AULI01712690
Flaws,Vancouver Sleep Clinic,Winter,vibes,Playlist track,TCABU1449052
I Make Sparks,Novo Amor,I Make Sparks,vibes,Playlist track,GB45A1801142
Forever and More,Jaguar Sun,Forever and More,vibes,Playlist track,FR9Z61900365
If U Wanna Stay,Sweatcult,If U Wanna Stay,vibes,Playlist track,QZES81880370
When the End Comes,Andrew Belle,Dive Deep,vibes,Playlist track,TCADC1739039
Starlight,Jai Wolf,Starlight,vibes,Playlist track,USQE91500410
Love Again,Meltt,Swim Slowly,vibes,Playlist track,CAANN1800008
Jubilee Line,Wilbur Soot,Your City Gave Me Asthma,vibes,Playlist track,QZHN82053458
I'm Clean Now,Grouper,Paradise Valley,vibes,Playlist track,QM4TW1674850
Bubba,Jack Larsen,Mildew,vibes,Playlist track,QM7281932179
Alps,Novo Amor,Alps,vibes,Playlist track,TCACN1629597
perfume,mehro,SKY ON FIRE,vibes,Playlist track,USANG2009606
Anchor,Novo Amor,Bathing Beach,vibes,Playlist track,TCACI1562836
Let Her Go,Passenger,All The Little Lights,Chill,Playlist track,GBMQN1100004
Stay Alive,José González,Stay Alive (From The Secret Life Of Walter Mitty),Chill,Playlist track,USFM91300095
Looking Too Closely,Fink,Hard Believer,Chill,Playlist track,GBCFB1400808
Taro,alt-J,An Awesome Wave (Deluxe Version),Chill,Playlist track,GBZUZ1200037
Something Good,alt-J,An Awesome Wave,Chill,Playlist track,GBZUZ1200069
I Took A Pill In Ibiza,Mike Posner,"At Night, Alone.",Chill,Playlist track,USUM71503636
No Time Like Now,ILLENIUM,Awake,Chill,Playlist track,USQY51766812
Falls (Reprise) (feat. Sasha Alex Sloan),ODESZA,A Moment Apart (Deluxe Edition),Chill,Playlist track,GBCFB1800361
Rolling Stone,Passenger,Whispers (Deluxe),Chill,Playlist track,GBMQN1400007
Santa Monica Dream,Angus & Julia Stone,Down the Way,Chill,Playlist track,AUAP10900004
The Light in Us All,Jim Guthrie,"You, Me & Gravity: The Music of Planet Coaster",Chill,Playlist track,UKA7A1600001
Aspect Imaginarium,Jim Guthrie,"You, Me & Gravity: The Music of Planet Coaster",Chill,Playlist track,UKA7A1600007
To All of You,Syd Matters,Someday We Will Foresee Obstacles,Chill,Playlist track,FRP090400170
Mt. Washington,Local Natives,Hummingbird,Chill,Playlist track,GBZUZ1200056
Obstacles,Syd Matters,Someday We Will Foresee Obstacles,Chill,Playlist track,FRP090400160
Mountains,Message To Bears,Folding Leaves,Chill,Playlist track,SEYOK1128678
14.3 Billion Years,Andrew Prahlow,Outer Wilds (Original Soundtrack),Chill,Playlist track,TCAEG1973767
World Away,Kasbo,World Away,Chill,Playlist track,QMLD61404077
Truth,Shallou,All Becomes Okay,Chill,Playlist track,TCACY1788334
"Daylight (feat. Daniela Andrade, Ryan Hemsworth, Lontalius & Olli)",swim good now,Daylight,Chill,Playlist track,CAL451807901
All Your Days,Shallou,All Your Days,Chill,Playlist track,GB45A1901435
On the Mountain by the Sea,UTAH,We Made This Too,Chill,Playlist track,TCACS1642488
Free,Kidswaste,Free,Chill,Playlist track,QM2PV1630265
Arc,Yoste,Arc,Chill,Playlist track,QMBZ91763533
Hold (feat. Daniela Andrade),Dabin,Two Hearts,Chill,Playlist track,CA5KR1541721
Quicksand,Koste,Quicksand,Chill,Playlist track,USA2P1938425
Acacia Road,Thrupence,Ideas of Aesthetics,Chill,Playlist track,AUFF01700009
First Time,Sense,Taste,Chill,Playlist track,CAN111800233
Sailing To Philadelphia,Mark Knopfler,The Best Of Dire Straits & Mark Knopfler - Private Investigations,Chill,Playlist track,GBF080000155
Away,Zyphyr,Away,Chill,Playlist track,QZES91980004
Wonder,Kaption,Wonder,Chill,Playlist track,QZDA61858897
Stay Here,Zaxx,Stay Here,Chill,Playlist track,USA2P1919493
Sleepwalking,Bajillionaire,Sleepwalking,Chill,Playlist track,AUNV01900074
Travelers (Monteur Remix),William French,Travelers (Remixes),Chill,Playlist track,FR2X41864653
Long Shot - Mount Pleasant Remix,Transviolet,Long Shot (Mount Pleasant Remix),Chill,Playlist track,QMRSZ1902782
Drive - Tupal Remix,Tiny Tiny,Drive (Tupal Remix),Chill,Playlist track,AUCN31709947
Someday,City of the Sun,City of the Sun,Chill,Playlist track,USUG11903157
Roll Back - TOKiMONSTA Remix,George FitzGerald,All That Must Be (Remixes),Chill,Playlist track,GBCEL1800562
Hesitate,Golden Vessel,Hesitate,Chill,Playlist track,usl4q1774604
Grow,Kidnap,Grow,Chill,Playlist track,NLF711904785
Episodes,Mishegas,Episodes,Chill,Playlist track,QM24S1802912
Modular,ZΩH,Escape Everything,Chill,Playlist track,DEVF12000601
Time,Kidswaste,Spleen,Chill,Playlist track,USUS11600498
Nostalgic,A R I Z O N A,ASYLUM,Chill,Playlist track,USAT21903327
Departure,WMD,Reminisce,Chill,Playlist track,SEYOK1759364
Kyoto,OTR,Kyoto,Chill,Playlist track,FR59R1771580
Sedah,Latrama,Sedah (feat. La Já),Chill,Playlist track,usdy41990142
Over & Out - Delamare Remix,Sparrows,Over & Out (Delamare Remix),Chill,Playlist track,AUOKE1800053
Clade - Frameworks Remix,Edamame,Bask Remixed,Chill,Playlist track,USLZJ1835933
Change,Raven Link,Change,Chill,Playlist track,UST8K1863843
Some Unique Snowflake,Stumbleine,Echo Chamber,Chill,Playlist track,usdy41803907
Our Escape,Anki,Bloom,Chill,Playlist track,GBKQU1859893
Electric Touch - Midnight Kids Remix,A R I Z O N A,Electric Touch (The Remixes),Chill,Playlist track,USAT21701573
Black Flies,Ben Howard,Every Kingdom (Deluxe Version),Chill,Playlist track,GBUM71104732
Soar,Faux Tales,Soar,Chill,Playlist track,CH6542046769
The Woods,Hollow Coves,Wanderlust,Chill,Playlist track,TCACD1595673
Spark,Forester,Kerosene,Chill,Playlist track,QM24S1914489
Notions,Hollow Coves,Moments,Chill,Playlist track,CAN111900229
Skin & Bone,Stu Larsen,Vagabond,Chill,Playlist track,UK6P61400010
affection,BETWEEN FRIENDS,we just need some time together,Chill,Playlist track,USQX91800782
Time Heals,nimino,Kele EP,Chill,Playlist track,GB2LD1900335
Hurricanes,Ken Loi,Hurricanes,Chill,Playlist track,QZK6Q1947361
Peace,Alison Wonderland,Peace,Chill,Playlist track,AUUM71900286
Welcome Home,Radical Face,Touch the Sky (Welcome Home) - EP,Chill,Playlist track,DEX261001001
Sunset Lover,Petit Biscuit,Sunset Lover,Chill,Playlist track,FRX451599796
Paper Planes,Julian Gray,Autonomous.,Chill,Playlist track,GBTDG1301531
2:38 A.M.,pronouncedyea,Trails,Chill,Playlist track,QZ93L1818345
The Way I Love You,yaeow,The Way I Love You,Chill,Playlist track,QZHNA2080035
Leaving Now,Noisestorm,Leaving Now,Chill,Playlist track,CA6D21600145
You're Somebody Else,flora cash,"Baby, It's Okay",Chill,Playlist track,SEXCG1700102
Lonely Nights (feat. Priscilla Ahn),Hollow Coves,Lonely Nights (feat. Priscilla Ahn),Chill,Playlist track,CAN112100023
New Zealand,Krisu,New Zealand,Chill,Playlist track,QZDA62192200
Eyes,RÜFÜS DU SOL,SOLACE,Chill,Playlist track,USRE11800616
New Sky,RÜFÜS DU SOL,Solace,Chill,Playlist track,USRE11800617
Underwater,RÜFÜS DU SOL,Solace,Chill,Playlist track,USRE11800535
Innerbloom,RÜFÜS DU SOL,Bloom,Chill,Playlist track,AUDCB1500639
Just Stay,Mauve,Just Stay,Chill,Playlist track,DEAX11900092
Stuck In Orbit (feat. BUOY) - Luttrell Remix,What So Not,Not All The Beautiful Things (Remixes),Chill,Playlist track,GBCFB1800281
Line Of Sight (Reprise) (feat. WYNNE & Mansionair),ODESZA,A Moment Apart (Deluxe Edition),Chill,Playlist track,GBCFB1800362
Crystalline - Dan Sieg Remix,The Midnight,The Midnight Remixed 02,Chill,Playlist track,US83Z1922378
Guess You Could Say,Gus Johnson,Lightning Rods & Leaky Roofs,Chill,Playlist track,QZES91809439
November 16th,Kanaya,November 16th,Chill,Playlist track,QZNWX2049678
Without You,Low Roar,"Once in a Long, Long While...",Chill,Playlist track,QM5L61700006
You & I,edapollo,You & I,Chill,Playlist track,GBLFP1874370
Saturn,Sleeping At Last,Atlas: I,Chill,Playlist track,USGES1480018
Storm,Dahlia Sleeps,Storm,Chill,Playlist track,GBLVL1800050
I Could Fight On A Wall,Aquilo,I Could Fight On A Wall,feel.mp3,Playlist track,GBUM71704007
Basic Instinct,The Acid,Basic Instinct,feel.mp3,Playlist track,GBZUZ1300215
Mountains,Jome,Tunnels,feel.mp3,Playlist track,TCACY1721901
Vapor,Jome,Tunnels,feel.mp3,Playlist track,QZ9Y21748160
Cinnamon,Jome,Tunnels,feel.mp3,Playlist track,TCACO1670076
Notion,Tash Sultana,Notion,feel.mp3,Playlist track,AUW631100929
Time Is Dancing,Ben Howard,I Forget Where We Were,feel.mp3,Playlist track,GBUM71404293
Keep Your Head Up,Ben Howard,Keep Your Head Up,feel.mp3,Playlist track,GBUM71104730
The Fear,Ben Howard,Every Kingdom (Deluxe Version),feel.mp3,Playlist track,GBUM71104743
Promise,Ben Howard,Every Kingdom,feel.mp3,Playlist track,GBUM71106371
Berlin,RY X,Dawn,feel.mp3,Playlist track,SE22E1300101
Shortline,RY X,Dawn,feel.mp3,Playlist track,GB5KW1600078
Only,RY X,Dawn,feel.mp3,Playlist track,GB5KW1600081
Sweat,RY X,Dawn,feel.mp3,Playlist track,GB5KW1600082
Farther Reaches,Fog Lake,Farther Reaches,feel.mp3,Playlist track,TCACO1640041
Almost Fantasy,Fog Lake,Almost Fantasy,feel.mp3,Playlist track,TCADN1819926
Hymn,Bjéar,Bjéar,feel.mp3,Playlist track,FR10S1703889
Little Darling,Bjéar,Little Darling,feel.mp3,Playlist track,FRX201826633
drift/(:(,Alek Olsen,drift/(:(,feel.mp3,Playlist track,GBMJG1802712
when the party's over,Billie Eilish,when the party's over,feel.mp3,Playlist track,USUM71815958
hostage,Billie Eilish,dont smile at me,feel.mp3,Playlist track,USUM71708096
lovely (with Khalid),Billie Eilish,lovely (with Khalid),feel.mp3,Playlist track,USUM71804190
Falls (feat. Sasha Alex Sloan),ODESZA,A Moment Apart,feel.mp3,Playlist track,GBCFB1700220
Thin Floors And Tall Ceilings,ODESZA,A Moment Apart,feel.mp3,Playlist track,GBCFB1700218
Don't Look Back (feat. Kotomi & Ryan Elder) [From Rick and Morty: Season 4],Rick and Morty,Don't Look Back (feat. Kotomi & Ryan Elder) [From Rick and Morty: Season 4],alone & alive,Playlist track,USNLR2000392
Twin Size Mattress,The Front Bottoms,Talon of the Hawk,alone & alive,Playlist track,US37V1322204
Bruce Willis,Raffaella,Bruce Willis,alone & alive,Playlist track,USQE91500586
Pretty,Fox Academy,Pretty,alone & alive,Playlist track,QZNWP2150013
Dreamland,Glass Animals,Dreamland (+ Bonus Levels),alone & alive,Playlist track,GBUM72000427
Someone Somewhere Somehow,Super Whatevr,Good Luck,alone & alive,Playlist track,USHR21710903
Headache,Grouper,Paradise Valley,alone & alive,Playlist track,QM4TW1674849
Promise,Ben Howard,Every Kingdom,alone & alive,Playlist track,GBUM71106371
Ayahuasca,Vancouver Sleep Clinic,Ayahuasca,alone & alive,Playlist track,GBKPL1899415
Perfectly Out Of Place,Dreams We've Had,Everything And You,alone & alive,Playlist track,QM24S1845054
The Unknown - Flite Remix,Danny Chen,The Unknown,Drum & Bass,Playlist track,GBLV61703591
Earth Past,Flite,The Cure EP,Drum & Bass,Playlist track,NLCK41037710
The Cure,Flite,The Cure EP,Drum & Bass,Playlist track,NLCK41037707
Wasted,Hybrid Minds,Wasted,Drum & Bass,Playlist track,UKFJY1800008
Outbreak,Feint,Outbreak,Drum & Bass,Playlist track,CA6D21700142
Long Gone,Calyx & TeeBee,Long Gone / Sawn Off,Drum & Bass,Playlist track,GBBZH1500100
Trouble,Sub Focus,Trouble,Drum & Bass,Playlist track,GBUM71703806
Pistols At Dawn - Culture Shock Remix,Seinabo Sey,Hard Time / Pistols At Dawn,Drum & Bass,Playlist track,SEUM71402197
Take Me Home - DNMO Remix,Delta Heavy,Only in Dreams (Remixes),Drum & Bass,Playlist track,GB5KW1904911
Bring The Madness - Noisestorm Remix,Pegboard Nerds,Bring The Madness (The Remixes),Drum & Bass,Playlist track,CA6D21500177
Decisions,Flite,Calm Before The Storm,Drum & Bass,Playlist track,NLCK41056719
Take You Down - Maduk Remix,Fox Stevenson,Take You Down (Maduk Remix),Drum & Bass,Playlist track,NLCK41056123
Breathe,Ownglow,Breathe,Drum & Bass,Playlist track,GBCJY1700060
Colors Back - Urbandawn Remix,Alex Klingle,Colors Back (Remixes),Drum & Bass,Playlist track,GBLV61627067
Come Together,Urbandawn,Come Together (feat. Tyson Kelly),Drum & Bass,Playlist track,GBCJY1900085
Higher Ground,Delta Heavy,Higher Ground,Drum & Bass,Playlist track,NLCK41065431
Eli Eli - Maduk Remix,Misun,Maduk Summer Remixes (Liquicity Presents),Drum & Bass,Playlist track,NLCK41026457
All I Know - Rolling Out DJ Mix,Matrix,All I Know,Drum & Bass,Playlist track,GBSXS1200080
Devotion (ft. Cameron Hayes),Dimension,Devotion (ft. Cameron Hayes),Drum & Bass,Playlist track,UKFTL1600132
Lakota,Technimatic,Lakota (ft. A Little Sound),Drum & Bass,Playlist track,GB2LD2010084
Like I Do (feat. James Hersey) - Nu:Logic Remix,Camo & Krooked,MOSAIK REMIXED,Drum & Bass,Playlist track,GB5KW1800351
Come Together - Bop Remix,Camo & Krooked,MOSAIK REMIXED,Drum & Bass,Playlist track,GB5KW1800350
Badlands,Rogue,Badlands,Drum & Bass,Playlist track,CA6D21800354
Honesty - Dossa & Locuzzed Remix,Camo & Krooked,MOSAIK REMIXED,Drum & Bass,Playlist track,GB5KW1704115
Slow Down (feat. ROBB) - Fred V & Grafix Remix,Camo & Krooked,MOSAIK REMIXED,Drum & Bass,Playlist track,GB5KW1800345
Losing You,Ephixa,Losing You,Drum & Bass,Playlist track,CA6D21700024
Voicemail Poems,Boxplot,Alice (LIQUICITY),Drum & Bass,Playlist track,NLCK41058590
Polaroids Of You,Boxplot,Alice (LIQUICITY),Drum & Bass,Playlist track,NLCK41058591
Tramontane,Boxplot,Tramontane EP,Drum & Bass,Playlist track,NLCK41043128
Visions,Culture Shock,Visions,Drum & Bass,Playlist track,GB5KW2001959
Machina,Wilkinson,Machina [UKF10],Drum & Bass,Playlist track,GB2LD1900362
Automata,Metrik,Ex Machina,Drum & Bass,Playlist track,GBCJY2000218
Light It Up,North Base,Light It Up,Drum & Bass,Playlist track,GBTMZ2001018
Dawning,Monrroe,Dawning,Drum & Bass,Playlist track,NLCK41028028
Fallen (feat. A Little Sound),Gray,Fallen/Soundboy,Drum & Bass,Playlist track,GB8KE1957599
Remedy (feat. TS Graye),Dimension,Remedy (feat. TS Graye),Drum & Bass,Playlist track,UKFTL1600200
Black Church,Dimension,Black Church,Drum & Bass,Playlist track,UKFTL1600058
Love To Give (with Culture Shock & Billy Lockett),Dimension,Organ,Drum & Bass,Playlist track,UKFTL1600160
Alive (feat. Poppy Baskcomb),Dimension,Organ,Drum & Bass,Playlist track,UKFTL1600202
Destiny,Netsky,Second Nature,Drum & Bass,Playlist track,GBCJY2000472
What I Said,Kanine,What I Said,Drum & Bass,Playlist track,GB2LD1900164
Your Love,Friction,Your Love,Drum & Bass,Playlist track,GBPWR1900092
Acid Generation,Grafix,Acid Generation,Drum & Bass,Playlist track,GBCJY1900209
Freefall,Dexcell,Freefall,Drum & Bass,Playlist track,GB2LD1900534
We Are The Energy,Metrik,We Are The Energy,Drum & Bass,Playlist track,GBCJY2000104
Afterdark,MYRNE,Afterdark,Drum & Bass,Playlist track,CA6D21700088
Lost On My Own - Flite Remix,T & Sugah,Lost On My Own (Flite Remix),Drum & Bass,Playlist track,NLCK41054211
Got You There,Matrix & Futurebound,Got You There,Drum & Bass,Playlist track,GBTMZ1990045
Sunrise - Bcee Remix,Dualistic,Liquicity Reflections (Part 3),Drum & Bass,Playlist track,NLCK41059203
Back & Forth,Andy C,Back & Forth,Drum & Bass,Playlist track,GB5KW1901521
Every Minute,Brookes Brothers,Every Minute,Drum & Bass,Playlist track,GB2LD1800600
Reason,The Prototypes,Ten Thousand Feet & Rising,Drum & Bass,Playlist track,GBGLW2000081
Magnify,Lexurus,Magnify,Drum & Bass,Playlist track,NLCK41066896
Joy,Flite,Joy / Fairy,Drum & Bass,Playlist track,NLCK41061928
Now Or Never,NCT,Astrophysical,Drum & Bass,Playlist track,NLCK41069560
Crystalize,Lexurus,Crystalize,Drum & Bass,Playlist track,NLCK41062573
Like That,Fox Stevenson,Like That,Drum & Bass,Playlist track,GB2LD2010043
House - Dossa & Locuzzed Remix,Mountain,House,Drum & Bass,Playlist track,NLCK41066434
Pretty Girl,Clairo,Pretty Girl,Those Nights,Playlist track,TCADF1795049
Flaming Hot Cheetos,Clairo,Flaming Hot Cheetos,Those Nights,Playlist track,TCADD1718258
Bubble Gum,Clairo,Bubble Gum,Those Nights,Playlist track,QMEZE1907824
2 Hold U,Clairo,2 Hold U,Those Nights,Playlist track,TCADG1703082
A Different Kind Of Human,AURORA,A Different Kind Of Human – Step 2,Those Nights,Playlist track,GBUM71808073
Hug All Ur Friends,Cavetown,Animal Kingdom,Those Nights,Playlist track,USCGJ1922691
4am,girl in red,chapter 1,Those Nights,Playlist track,GBLFP1888313
girls,girl in red,girls,Those Nights,Playlist track,GBLFP1858237
Drifting Away,khai dreams,Summer Is Like a Dream,Those Nights,Playlist track,QZ8LD1785558
Saline Solution,Wilbur Soot,Your City Gave Me Asthma,Those Nights,Playlist track,QZHN82053459
Fool,Cavetown,Lemon Boy,Those Nights,Playlist track,USCGH1805103
we fell in love in october,girl in red,we fell in love in october / forget her,Those Nights,Playlist track,GBKPL1828677
summer depression,girl in red,summer depression,Those Nights,Playlist track,GBLFP1817508
empty crown,YAS,empty crown,Those Nights,Playlist track,NLRD51632280
Hurt,Nine Inch Nails,The Downward Spiral,Those Nights,Playlist track,USIR19400538
i'll die anyway.,girl in red,i'll die anyway.,Those Nights,Playlist track,GBKPL1956621
watch you sleep.,girl in red,watch you sleep.,Those Nights,Playlist track,GBKPL1832780
feelings are fatal,mxmtoon,plum blossom,Those Nights,Playlist track,QM42K1793196
Waves,chloe moriondo,Rabbit Hearted.,Those Nights,Playlist track,USAT22002711
Queendom,AURORA,Infections Of A Different Kind – Step 1,Those Nights,Playlist track,GBUM71706474
More Than You Know,Axwell /\ Ingrosso,More Than You Know,More Than You Know EP,Playlist track,GBUM71701735
Renegade,Axwell /\ Ingrosso,More Than You Know,More Than You Know EP,Playlist track,GBUM71701733
How Do You Feel Right Now,Axwell /\ Ingrosso,More Than You Know,More Than You Know EP,Playlist track,GBUM71701736
Dawn,Axwell /\ Ingrosso,More Than You Know,More Than You Know EP,Playlist track,GBUM71701738
Calling (Lose My Mind) - Radio Edit,Sebastian Ingrosso,Calling (Lose My Mind),Progressive House,Playlist track,GBJ4B1200056
Clarity,Zedd,Clarity,Progressive House,Playlist track,USUM71210662
Language,Porter Robinson,Language,Progressive House,Playlist track,GBCEN1200388
Demons - Original Mix,Paris Blohm,Demons,Progressive House,Playlist track,NLUW21500192
Summer,Calvin Harris,Motion,Progressive House,Playlist track,GBARL1400296
Runaway (U & I),Galantis,Pharmacy,Progressive House,Playlist track,USAT21404265
Angels - Radio Edit,Vicetone,Angels (Radio Edit),Progressive House,Playlist track,USUS11203329
Easy,Mat Zo,Damage Control,Progressive House,Playlist track,GBEWA1300722
Don't You Worry Child - Radio Edit,Swedish House Mafia,Don't You Worry Child,Progressive House,Playlist track,GBAAA1200728
Turn It Around,DubVision,Turn It Around,Progressive House,Playlist track,NLZ541400760
If I Lose Myself - Alesso vs OneRepublic,OneRepublic,Native,Progressive House,Playlist track,USUM71303190
Falling (Committed To Sparkle Motion) - DubVision Remix,Discopolis,Falling (Committed To Sparkle Motion),Progressive House,Playlist track,GBKCF1200224
Dragon,Martin Garrix,Break Through The Silence EP,Progressive House,Playlist track,NLZ541500465
Knock You Out - Hardwell Remix,Bingo Players,Knock You Out (Remixes),Progressive House,Playlist track,USUG11400546
Strangers,Seven Lions,Worlds Apart,Progressive House,Playlist track,USUM71313869
How You Love Me,3LAU,How You Love Me,Progressive House,Playlist track,GBUM71401448
What About Us - Cash Cash Remix,P!nk,What About Us (The Remixes),Progressive House,Playlist track,USRC11702500
Stay The Night,Zedd,Club Bangers,Progressive House,Playlist track,USUM71311478
Let Me Feel - Mix Cut,Nicky Romero,Protocol Radio - 2015's Finest,Progressive House,Playlist track,NLUW21600333
Years Of War,Porter Robinson,Worlds,Progressive House,Playlist track,USUG11400551
Needed You,ILLENIUM,Awake,Progressive House,Playlist track,USQY51766811
Lionhearted,Porter Robinson,Worlds,Progressive House,Playlist track,USUG11400446
Backlash - Martin Garrix Radio Edit,DubVision,Backlash (Martin Garrix Edit),Progressive House,Playlist track,NLZ541400607
All By Myself,DubVision,All By Myself,Progressive House,Playlist track,NLC281210109
One More Time - Solarity Vocal Mix,Noel Sanger,One More Time (The Remixes),Progressive House,Playlist track,USGZ21763891
Move On,Shingo Nakamura,Sapporo,Progressive House,Playlist track,US83Z1106969
Diamond Beach,MH20,Silk Music Pres. Trance Treasures 07,Progressive House,Playlist track,US83Z1654580
Ever After - Original,Lessov,Summer Session 2013,Progressive House,Playlist track,USLZJ1387148
The Veldt,deadmau5,> Album Title Goes Here <,Progressive House,Playlist track,GBTDG1200438
Sweet Lullaby,Deep Forest,Essence Of The Forest By Deep Forest,Progressive House,Playlist track,FRV620400002
Constant Sorrow (Original Mix),Dinka,Violet,Progressive House,Playlist track,CH3131010836
Come Home - Extended Mix,ALPHA 9,Come Home,Progressive House,Playlist track,NLQ881000625
Contact,Glenn Morrison,In Search of Sunrise 6 Mixed by Tiësto (Ibiza),Progressive House,Playlist track,NLD681802981
Sayonara,Mango,Summer Particles 2008,Progressive House,Playlist track,US83Z0800368
Restless - Signalrunners Remix,Oliver Smith,Horizons / Restless,Progressive House,Playlist track,GBEWA0900002
Sixty Six,Matt Lange,Taking You Higher,Progressive House,Playlist track,TCABZ1414542
Middledistancerunner,Chicane,Giants,Progressive House,Playlist track,GBRDU1000008
Need To Feel Loved - Adam K & Soha Vocal Mix,Reflekt,Need To Feel Loved,Progressive House,Playlist track,GBHPU0900001
Sunahama - Original Mix,Kazusa,"Young Progressives, Session 2",Progressive House,Playlist track,CH3130910440
Hymn,JHONNY & PEPS,Hymn,Progressive House,Playlist track,ITJ151100446
Life Of Sin - Original Mix,MitiS,Life Of Sin Series,Progressive House,Playlist track,CA5KR1507447
Underlying Feeling - Adam K & Soha Radio Edit,Sylvia Tosun,Underlying Feeling,Progressive House,Playlist track,USQQC0800023
Weapon - EDX's Acapulco At Night Remix,CAZZETTE,Weapon (EDX's Acapulco At Night Remix),Progressive House,Playlist track,CH3131340430
Liberate,Eric Prydz,Liberate,Progressive House,Playlist track,GB6CM1300088
Circles,Audien,Circles,Progressive House,Playlist track,NLF711312837
Lionhearted - Arty Remix,Porter Robinson,Lionhearted (Remixes),Progressive House,Playlist track,USUG11401057
Chasing Time,Vicetone,Chasing Time,Progressive House,Playlist track,NLF711310198
Move Into Light,Juventa,Move Into Light,Progressive House,Playlist track,GBKQU1349270
Escape - Radio Edit,3LAU,Escape (Radio Edit),Progressive House,Playlist track,NLS241203782
City Of Dreams - Radio Edit,Dirty South,City Of Dreams,Progressive House,Playlist track,GBUYR1200032
Allein,Pryda,Eric Prydz Presents Pryda,Progressive House,Playlist track,GB6CM1200011
Dynamite,Gareth Emery,Drive,Progressive House,Playlist track,GB2CT0900316
Runaway - Radio Edit,Pierce Fulton,Runaway,Progressive House,Playlist track,GBHAD1400109
Shadow of the Sun - Mako Remix,Max Elto,Shadow Of The Sun (Remixes),Progressive House,Playlist track,USAT21401535
Beam - Dannic Mix,Mako,Beam (Dannic Mix),Progressive House,Playlist track,NLS241204281
Heartbeat,Vicetone,Heartbeat,Progressive House,Playlist track,TCABS1341047
Something More,Yula,Venus,Progressive House,Playlist track,QZFZ32014984
The Universe - Original Mix,Lush & Simon,The Universe,Progressive House,Playlist track,NLF711505485
Delight,Jamie Berry,Delight,Electro Swing,Playlist track,GBKQU1221898
Sweet Rascal,Jamie Berry,Frenzy,Electro Swing,Playlist track,GBLV61717952
Lost In The Rhythm - PiSk Remix,Jamie Berry,Lost In The Rhythm Remixes,Electro Swing,Playlist track,GBLV61603565
Twitch - Original Mix,Jamie Berry,Grandiose,Electro Swing,Playlist track,GBKQU1456169
Peeping Tom - Original Mix,Jamie Berry,Peeping Tom,Electro Swing,Playlist track,GBKQU1424994
Guilty Pleasure,Jamie Berry,Guilty Pleasure,Electro Swing,Playlist track,SE6A92104431
Let's Bounce,Jules Gaia,Tuppence,Electro Swing,Playlist track,SE5Q51805174
Quicksand,Koste,Quicksand,B-Roll and videos,Playlist track,USA2P1938425
Sahara,SRFR,Sahara,B-Roll and videos,Playlist track,QZDA81822821
Waiting,Vicetone,Waiting,B-Roll and videos,Playlist track,CA6D21900139
Starlight,Jai Wolf,Starlight,B-Roll and videos,Playlist track,USQE91500410
LBL,Cospe,LBL,B-Roll and videos,Playlist track,SE5Q51800703
Meridian,ODESZA,A Moment Apart (Deluxe Edition),B-Roll and videos,Playlist track,GBCFB1700214
Spark,Forester,Kerosene,B-Roll and videos,Playlist track,QM24S1914489
Calling Me,Ooyy,Calling Me,B-Roll and videos,Playlist track,SE5Q51903522
Sink or Swim (feat. Daysi),Bloom Line,Sink or Swim (feat. Daysi),B-Roll and videos,Playlist track,QZ5FN1918413
Midnight (feat. Liam Payne),Alesso,LP1,B-Roll and videos,Playlist track,USUG12000913
Wrong for Me,Otherwise Fine,Wrong for Me,B-Roll and videos,Playlist track,QZES81932290
Things That Stop You Dreaming,Passenger,All The Little Lights,B-Roll and videos,Playlist track,GBMQN1100003
On the Mountain by the Sea,UTAH,We Made This Too,B-Roll and videos,Playlist track,TCACS1642488
Bipolar,Dropped Out,Bipolar,B-Roll and videos,Playlist track,QZDA51825015
Travelers (Monteur Remix),William French,Travelers (Remixes),B-Roll and videos,Playlist track,FR2X41864653
Wait for You,Innerbloom,Wait for You,B-Roll and videos,Playlist track,USA2P1956722
Feeling Forever,PLS&TY,Run Wild / Feeling Forever,B-Roll and videos,Playlist track,USA2P1926969
Beautiful Tragedy - VIP Remix,Conrad Clifton,Time,B-Roll and videos,Playlist track,GBKPL1802144
Measuring the infinite,Stereolit,Measuring the infinite,B-Roll and videos,Playlist track,FR7JN1901580
Take a Walk,Passion Pit,Gossamer,B-Roll and videos,Playlist track,USSM11202617
En roue libre,Møme,Shelter (Original Motion Picture Soundtrack),B-Roll and videos,Playlist track,FR9W11923623
Rise Up,TheFatRat,Rise Up,B-Roll and videos,Playlist track,DEUM71905770
Soar,Faux Tales,Soar,B-Roll and videos,Playlist track,CH6542046769
Sunrise,AUST,Sunrise,B-Roll and videos,Playlist track,usdy41888438
Bottai,Ooyy,Bottai,B-Roll and videos,Playlist track,SE5Q51902845
2:38 A.M.,pronouncedyea,Trails,B-Roll and videos,Playlist track,QZ93L1818345
Ganja,Ooyy,Ganja,B-Roll and videos,Playlist track,SE5Q51800001
Divergent,Ooyy,Genesis,B-Roll and videos,Playlist track,SE5Q51800044
Dawn,Axwell /\ Ingrosso,More Than You Know,B-Roll and videos,Playlist track,GBUM71701738
0:59,Danger,太鼓,B-Roll and videos,Playlist track,FR9W11708509
I Want You,ODESZA,Summer's Gone,B-Roll and videos,Playlist track,TCABN1368410
